timeStamp,elapsed,label,responseCode,responseMessage,threadName,dataType,success,failureMessage,bytes,sentBytes,grpThreads,allThreads,URL,Latency,IdleTime,Connect
1653996631718,86,1,200,OK,HW_1 1-1,text,true,,168,143,2,2,http://162.55.220.72:5005/get_method?name=Luba&age=35,86,0,35
1653996631760,94,1,200,OK,HW_1 1-2,text,true,,168,143,4,4,http://162.55.220.72:5005/get_method?name=Luba&age=35,94,0,42
1653996631806,108,2,200,OK,HW_1 1-1,text,true,,463,240,5,5,http://162.55.220.72:5005/user_info_2,108,0,46
1653996631807,108,1,200,OK,HW_1 1-3,text,true,,168,143,5,5,http://162.55.220.72:5005/get_method?name=Luba&age=35,108,0,47
1653996631839,114,1,200,OK,HW_1 1-4,text,true,,168,143,6,6,http://162.55.220.72:5005/get_method?name=Luba&age=35,114,0,68
1653996631855,99,2,200,OK,HW_1 1-2,text,true,,463,240,6,6,http://162.55.220.72:5005/user_info_2,98,0,53
1653996631878,76,1,200,OK,HW_1 1-5,text,true,,168,143,6,6,http://162.55.220.72:5005/get_method?name=Luba&age=35,76,0,36
1653996631914,79,3,200,OK,HW_1 1-1,text,true,,369,240,7,7,http://162.55.220.72:5005/user_info_3,79,0,39
1653996631915,80,2,200,OK,HW_1 1-3,text,true,,463,240,7,7,http://162.55.220.72:5005/user_info_2,80,0,38
1653996631919,76,1,200,OK,HW_1 1-6,text,true,,168,143,7,7,http://162.55.220.72:5005/get_method?name=Luba&age=35,76,0,35
1653996631954,73,2,200,OK,HW_1 1-4,text,true,,463,240,8,8,http://162.55.220.72:5005/user_info_2,73,0,34
1653996631954,76,3,200,OK,HW_1 1-2,text,true,,369,240,8,8,http://162.55.220.72:5005/user_info_3,76,0,34
1653996631954,80,2,200,OK,HW_1 1-5,text,true,,463,240,8,8,http://162.55.220.72:5005/user_info_2,80,0,34
1653996631960,74,1,200,OK,HW_1 1-7,text,true,,168,143,8,8,http://162.55.220.72:5005/get_method?name=Luba&age=35,74,0,34
1653996631993,78,4,200,OK,HW_1 1-1,text,true,,243,156,9,9,http://162.55.220.72:5005/object_info_1?name=Luba&age=35&weight=48,78,0,33
1653996631995,77,3,200,OK,HW_1 1-3,text,true,,369,240,9,9,http://162.55.220.72:5005/user_info_3,77,0,33
1653996631995,77,2,200,OK,HW_1 1-6,text,true,,463,240,9,9,http://162.55.220.72:5005/user_info_2,77,0,33
1653996631999,77,1,200,OK,HW_1 1-8,text,true,,168,143,9,9,http://162.55.220.72:5005/get_method?name=Luba&age=35,77,0,35
1653996632027,68,3,200,OK,HW_1 1-4,text,true,,369,240,10,10,http://162.55.220.72:5005/user_info_3,68,0,33
1653996632034,79,3,200,OK,HW_1 1-5,text,true,,369,240,10,10,http://162.55.220.72:5005/user_info_3,79,0,40
1653996632034,85,2,200,OK,HW_1 1-7,text,true,,463,240,11,11,http://162.55.220.72:5005/user_info_2,85,0,40
1653996632038,81,1,200,OK,HW_1 1-9,text,true,,168,143,11,11,http://162.55.220.72:5005/get_method?name=Luba&age=35,81,0,36
1653996632031,88,4,200,OK,HW_1 1-2,text,true,,243,156,11,11,http://162.55.220.72:5005/object_info_1?name=Luba&age=35&weight=48,88,0,43
1653996632071,73,5,200,OK,HW_1 1-1,text,true,,463,158,11,11,http://162.55.220.72:5005/object_info_2?name=Luba&age=35&salary=1000,73,0,33
1653996632073,76,4,200,OK,HW_1 1-3,text,true,,243,156,11,11,http://162.55.220.72:5005/object_info_1?name=Luba&age=35&weight=48,76,0,34
1653996632076,79,2,200,OK,HW_1 1-8,text,true,,463,240,11,11,http://162.55.220.72:5005/user_info_2,79,0,34
1653996632073,82,3,200,OK,HW_1 1-6,text,true,,369,240,11,11,http://162.55.220.72:5005/user_info_3,82,0,34
1653996632078,77,1,200,OK,HW_1 1-10,text,true,,168,143,11,11,http://162.55.220.72:5005/get_method?name=Luba&age=35,77,0,34
1653996632095,81,4,200,OK,HW_1 1-4,text,true,,243,156,12,12,http://162.55.220.72:5005/object_info_1?name=Luba&age=35&weight=48,81,0,39
1653996632118,98,1,200,OK,HW_1 1-11,text,true,,168,143,13,13,http://162.55.220.72:5005/get_method?name=Luba&age=35,98,0,54
1653996632113,103,4,200,OK,HW_1 1-5,text,true,,243,156,13,13,http://162.55.220.72:5005/object_info_1?name=Luba&age=35&weight=48,103,0,59
1653996632120,96,5,200,OK,HW_1 1-2,text,true,,463,158,13,13,http://162.55.220.72:5005/object_info_2?name=Luba&age=35&salary=1000,96,0,52
1653996632120,98,2,200,OK,HW_1 1-9,text,true,,463,240,13,13,http://162.55.220.72:5005/user_info_2,98,0,52
1653996632120,98,3,200,OK,HW_1 1-7,text,true,,369,240,13,13,http://162.55.220.72:5005/user_info_3,98,0,52
1653996632155,73,2,200,OK,HW_1 1-10,text,true,,463,240,13,13,http://162.55.220.72:5005/user_info_2,73,0,36
1653996632149,82,5,200,OK,HW_1 1-3,text,true,,463,158,13,13,http://162.55.220.72:5005/object_info_2?name=Luba&age=35&salary=1000,82,0,42
1653996632144,87,6,200,OK,HW_1 1-1,text,true,,524,158,13,13,http://162.55.220.72:5005/object_info_3?name=Luba&age=35&salary=1000,87,0,47
1653996632155,76,4,200,OK,HW_1 1-6,text,true,,243,156,13,13,http://162.55.220.72:5005/object_info_1?name=Luba&age=35&weight=48,76,0,36
1653996632160,73,1,200,OK,HW_1 1-12,text,true,,168,143,13,13,http://162.55.220.72:5005/get_method?name=Luba&age=35,73,0,33
1653996632155,80,3,200,OK,HW_1 1-8,text,true,,369,240,13,13,http://162.55.220.72:5005/user_info_3,80,0,36
1653996632176,70,5,200,OK,HW_1 1-4,text,true,,463,158,14,14,http://162.55.220.72:5005/object_info_2?name=Luba&age=35&salary=1000,70,0,34
1653996632199,77,1,200,OK,HW_1 1-13,text,true,,168,143,14,14,http://162.55.220.72:5005/get_method?name=Luba&age=35,77,0,40
1653996632216,74,2,200,OK,HW_1 1-11,text,true,,463,240,15,15,http://162.55.220.72:5005/user_info_2,74,0,34
1653996632216,76,6,200,OK,HW_1 1-2,text,true,,524,158,15,15,http://162.55.220.72:5005/object_info_3?name=Luba&age=35&salary=1000,76,0,34
1653996632216,81,5,200,OK,HW_1 1-5,text,true,,463,158,15,15,http://162.55.220.72:5005/object_info_2?name=Luba&age=35&salary=1000,81,0,34
1653996632218,83,4,200,OK,HW_1 1-7,text,true,,243,156,15,15,http://162.55.220.72:5005/object_info_1?name=Luba&age=35&weight=48,83,0,41
1653996632218,90,3,200,OK,HW_1 1-9,text,true,,369,240,15,15,http://162.55.220.72:5005/user_info_3,90,0,41
1653996632228,80,3,200,OK,HW_1 1-10,text,true,,369,240,15,15,http://162.55.220.72:5005/user_info_3,80,0,33
1653996632231,82,7,200,OK,HW_1 1-1,text,true,,236,158,15,15,http://162.55.220.72:5005/object_info_4?name=Luba&age=35&salary=1000,81,0,33
1653996632231,84,6,200,OK,HW_1 1-3,text,true,,524,158,14,14,http://162.55.220.72:5005/object_info_3?name=Luba&age=35&salary=1000,84,0,33
1653996632233,83,2,200,OK,HW_1 1-12,text,true,,463,240,14,14,http://162.55.220.72:5005/user_info_2,83,0,36
1653996632231,86,5,200,OK,HW_1 1-6,text,true,,463,158,14,14,http://162.55.220.72:5005/object_info_2?name=Luba&age=35&salary=1000,86,0,33
1653996632235,84,4,200,OK,HW_1 1-8,text,true,,243,156,14,14,http://162.55.220.72:5005/object_info_1?name=Luba&age=35&weight=48,84,0,34
1653996632241,80,1,200,OK,HW_1 1-14,text,true,,168,143,15,15,http://162.55.220.72:5005/get_method?name=Luba&age=35,80,0,35
1653996632246,75,6,200,OK,HW_1 1-4,text,true,,524,158,15,15,http://162.55.220.72:5005/object_info_3?name=Luba&age=35&salary=1000,75,0,33
1653996632276,69,2,200,OK,HW_1 1-13,text,true,,463,240,15,15,http://162.55.220.72:5005/user_info_2,69,0,33
1653996632279,75,1,200,OK,HW_1 1-15,text,true,,168,143,15,15,http://162.55.220.72:5005/get_method?name=Luba&age=35,75,0,37
1653996632290,76,3,200,OK,HW_1 1-11,text,true,,369,240,16,16,http://162.55.220.72:5005/user_info_3,76,0,33
1653996632293,75,7,200,OK,HW_1 1-2,text,true,,236,158,16,16,http://162.55.220.72:5005/object_info_4?name=Luba&age=35&salary=1000,75,0,33
1653996632301,70,5,200,OK,HW_1 1-7,text,true,,463,158,15,15,http://162.55.220.72:5005/object_info_2?name=Luba&age=35&salary=1000,70,0,33
1653996632297,74,6,200,OK,HW_1 1-5,text,true,,524,158,15,15,http://162.55.220.72:5005/object_info_3?name=Luba&age=35&salary=1000,74,0,33
1653996632308,68,4,200,OK,HW_1 1-10,text,true,,243,156,15,15,http://162.55.220.72:5005/object_info_1?name=Luba&age=35&weight=48,68,0,33
1653996632308,69,4,200,OK,HW_1 1-9,text,true,,243,156,15,15,http://162.55.220.72:5005/object_info_1?name=Luba&age=35&weight=48,69,0,33
1653996632316,73,3,200,OK,HW_1 1-12,text,true,,369,240,15,15,http://162.55.220.72:5005/user_info_3,73,0,33
1653996632316,73,7,200,OK,HW_1 1-3,text,true,,236,158,15,15,http://162.55.220.72:5005/object_info_4?name=Luba&age=35&salary=1000,73,0,33
1653996632319,82,5,200,OK,HW_1 1-8,text,true,,463,158,15,15,http://162.55.220.72:5005/object_info_2?name=Luba&age=35&salary=1000,82,0,35
1653996632318,85,6,200,OK,HW_1 1-6,text,true,,524,158,15,15,http://162.55.220.72:5005/object_info_3?name=Luba&age=35&salary=1000,85,0,36
1653996632321,86,2,200,OK,HW_1 1-14,text,true,,463,240,15,15,http://162.55.220.72:5005/user_info_2,86,0,38
1653996632321,86,7,200,OK,HW_1 1-4,text,true,,236,158,15,15,http://162.55.220.72:5005/object_info_4?name=Luba&age=35&salary=1000,86,0,38
1653996632321,87,1,200,OK,HW_1 1-16,text,true,,168,143,14,14,http://162.55.220.72:5005/get_method?name=Luba&age=35,87,0,38
1653996632345,70,3,200,OK,HW_1 1-13,text,true,,369,240,14,14,http://162.55.220.72:5005/user_info_3,70,0,34
1653996632354,77,2,200,OK,HW_1 1-15,text,true,,463,240,14,14,http://162.55.220.72:5005/user_info_2,77,0,39
1653996632359,72,1,200,OK,HW_1 1-17,text,true,,168,143,14,14,http://162.55.220.72:5005/get_method?name=Luba&age=35,72,0,34
1653996632367,69,4,200,OK,HW_1 1-11,text,true,,243,156,14,14,http://162.55.220.72:5005/object_info_1?name=Luba&age=35&weight=48,68,0,32
1653996632371,70,7,200,OK,HW_1 1-5,text,true,,236,158,15,15,http://162.55.220.72:5005/object_info_4?name=Luba&age=35&salary=1000,70,0,33
1653996632371,72,6,200,OK,HW_1 1-7,text,true,,524,158,14,14,http://162.55.220.72:5005/object_info_3?name=Luba&age=35&salary=1000,72,0,33
1653996632378,72,5,200,OK,HW_1 1-9,text,true,,463,158,14,14,http://162.55.220.72:5005/object_info_2?name=Luba&age=35&salary=1000,72,0,34
1653996632377,74,5,200,OK,HW_1 1-10,text,true,,463,158,14,14,http://162.55.220.72:5005/object_info_2?name=Luba&age=35&salary=1000,74,0,35
1653996632389,73,4,200,OK,HW_1 1-12,text,true,,243,156,14,14,http://162.55.220.72:5005/object_info_1?name=Luba&age=35&weight=48,73,0,37
1653996632399,71,1,200,OK,HW_1 1-18,text,true,,168,143,14,14,http://162.55.220.72:5005/get_method?name=Luba&age=35,71,0,34
1653996632401,70,6,200,OK,HW_1 1-8,text,true,,524,158,14,14,http://162.55.220.72:5005/object_info_3?name=Luba&age=35&salary=1000,70,0,33
1653996632403,69,7,200,OK,HW_1 1-6,text,true,,236,158,14,14,http://162.55.220.72:5005/object_info_4?name=Luba&age=35&salary=1000,69,0,33
1653996632407,80,3,200,OK,HW_1 1-14,text,true,,369,240,14,14,http://162.55.220.72:5005/user_info_3,80,0,36
1653996632415,75,4,200,OK,HW_1 1-13,text,true,,243,156,14,14,http://162.55.220.72:5005/object_info_1?name=Luba&age=35&weight=48,75,0,34
1653996632408,83,2,200,OK,HW_1 1-16,text,true,,463,240,14,14,http://162.55.220.72:5005/user_info_2,83,0,35
1653996632431,73,2,200,OK,HW_1 1-17,text,true,,463,240,14,14,http://162.55.220.72:5005/user_info_2,73,0,34
1653996632431,73,3,200,OK,HW_1 1-15,text,true,,369,240,14,14,http://162.55.220.72:5005/user_info_3,73,0,34
1653996632436,71,5,200,OK,HW_1 1-11,text,true,,463,158,14,14,http://162.55.220.72:5005/object_info_2?name=Luba&age=35&salary=1000,71,0,34
1653996632438,71,1,200,OK,HW_1 1-19,text,true,,168,143,14,14,http://162.55.220.72:5005/get_method?name=Luba&age=35,71,0,36
1653996632444,76,7,200,OK,HW_1 1-7,text,true,,236,158,14,14,http://162.55.220.72:5005/object_info_4?name=Luba&age=35&salary=1000,76,0,40
1653996632451,72,6,200,OK,HW_1 1-10,text,true,,524,158,14,14,http://162.55.220.72:5005/object_info_3?name=Luba&age=35&salary=1000,72,0,33
1653996632451,75,6,200,OK,HW_1 1-9,text,true,,524,158,14,14,http://162.55.220.72:5005/object_info_3?name=Luba&age=35&salary=1000,75,0,33
1653996632462,73,5,200,OK,HW_1 1-12,text,true,,463,158,14,14,http://162.55.220.72:5005/object_info_2?name=Luba&age=35&salary=1000,73,0,38
1653996632470,77,2,200,OK,HW_1 1-18,text,true,,463,240,14,14,http://162.55.220.72:5005/user_info_2,76,0,33
1653996632471,76,7,200,OK,HW_1 1-8,text,true,,236,158,14,14,http://162.55.220.72:5005/object_info_4?name=Luba&age=35&salary=1000,76,0,34
1653996632478,72,1,200,OK,HW_1 1-20,text,true,,168,143,13,13,http://162.55.220.72:5005/get_method?name=Luba&age=35,71,0,33
1653996632487,81,4,200,OK,HW_1 1-14,text,true,,243,156,14,14,http://162.55.220.72:5005/object_info_1?name=Luba&age=35&weight=48,81,0,33
1653996632491,82,3,200,OK,HW_1 1-16,text,true,,369,240,14,14,http://162.55.220.72:5005/user_info_3,82,0,35
1653996632504,75,3,200,OK,HW_1 1-17,text,true,,369,240,14,14,http://162.55.220.72:5005/user_info_3,75,0,35
1653996632491,88,5,200,OK,HW_1 1-13,text,true,,463,158,14,14,http://162.55.220.72:5005/object_info_2?name=Luba&age=35&salary=1000,88,0,35
1653996632504,76,4,200,OK,HW_1 1-15,text,true,,243,156,14,14,http://162.55.220.72:5005/object_info_1?name=Luba&age=35&weight=48,75,0,34
1653996632507,74,6,200,OK,HW_1 1-11,text,true,,524,158,14,14,http://162.55.220.72:5005/object_info_3?name=Luba&age=35&salary=1000,74,0,33
1653996632509,73,2,200,OK,HW_1 1-19,text,true,,463,240,14,14,http://162.55.220.72:5005/user_info_2,73,0,34
1653996632523,82,7,200,OK,HW_1 1-10,text,true,,236,158,15,15,http://162.55.220.72:5005/object_info_4?name=Luba&age=35&salary=1000,82,0,44
1653996632526,81,7,200,OK,HW_1 1-9,text,true,,236,158,14,14,http://162.55.220.72:5005/object_info_4?name=Luba&age=35&salary=1000,81,0,41
1653996632521,86,1,200,OK,HW_1 1-21,text,true,,168,143,14,14,http://162.55.220.72:5005/get_method?name=Luba&age=35,86,0,46
1653996632535,73,6,200,OK,HW_1 1-12,text,true,,524,158,13,13,http://162.55.220.72:5005/object_info_3?name=Luba&age=35&salary=1000,73,0,33
1653996632547,71,3,200,OK,HW_1 1-18,text,true,,369,240,13,13,http://162.55.220.72:5005/user_info_3,71,0,34
1653996632550,72,2,200,OK,HW_1 1-20,text,true,,463,240,13,13,http://162.55.220.72:5005/user_info_2,72,0,34
1653996632559,70,1,200,OK,HW_1 1-22,text,true,,168,143,13,13,http://162.55.220.72:5005/get_method?name=Luba&age=35,70,0,34
1653996632569,69,5,200,OK,HW_1 1-14,text,true,,463,158,13,13,http://162.55.220.72:5005/object_info_2?name=Luba&age=35&salary=1000,69,0,33
1653996632573,69,4,200,OK,HW_1 1-16,text,true,,243,156,14,14,http://162.55.220.72:5005/object_info_1?name=Luba&age=35&weight=48,69,0,33
1653996632580,77,4,200,OK,HW_1 1-17,text,true,,243,156,14,14,http://162.55.220.72:5005/object_info_1?name=Luba&age=35&weight=48,77,0,33
1653996632580,83,6,200,OK,HW_1 1-13,text,true,,524,158,14,14,http://162.55.220.72:5005/object_info_3?name=Luba&age=35&salary=1000,83,0,33
1653996632581,86,7,200,OK,HW_1 1-11,text,true,,236,158,14,14,http://162.55.220.72:5005/object_info_4?name=Luba&age=35&salary=1000,86,0,34
1653996632582,85,3,200,OK,HW_1 1-19,text,true,,369,240,13,13,http://162.55.220.72:5005/user_info_3,85,0,33
1653996632580,87,5,200,OK,HW_1 1-15,text,true,,463,158,13,13,http://162.55.220.72:5005/object_info_2?name=Luba&age=35&salary=1000,87,0,33
1653996632598,72,1,200,OK,HW_1 1-23,text,true,,168,143,13,13,http://162.55.220.72:5005/get_method?name=Luba&age=35,72,0,35
1653996632607,75,2,200,OK,HW_1 1-21,text,true,,463,240,14,14,http://162.55.220.72:5005/user_info_2,74,0,35
1653996632608,75,7,200,OK,HW_1 1-12,text,true,,236,158,14,14,http://162.55.220.72:5005/object_info_4?name=Luba&age=35&salary=1000,75,0,34
1653996632618,69,4,200,OK,HW_1 1-18,text,true,,243,156,13,13,http://162.55.220.72:5005/object_info_1?name=Luba&age=35&weight=48,69,0,33
1653996632622,70,3,200,OK,HW_1 1-20,text,true,,369,240,13,13,http://162.55.220.72:5005/user_info_3,70,0,35
1653996632630,68,2,200,OK,HW_1 1-22,text,true,,463,240,13,13,http://162.55.220.72:5005/user_info_2,68,0,33
1653996632638,71,6,200,OK,HW_1 1-14,text,true,,524,158,13,13,http://162.55.220.72:5005/object_info_3?name=Luba&age=35&salary=1000,71,0,33
1653996632639,73,1,200,OK,HW_1 1-24,text,true,,168,143,13,13,http://162.55.220.72:5005/get_method?name=Luba&age=35,73,0,33
1653996632642,70,5,200,OK,HW_1 1-16,text,true,,463,158,13,13,http://162.55.220.72:5005/object_info_2?name=Luba&age=35&salary=1000,70,0,33
1653996632657,68,5,200,OK,HW_1 1-17,text,true,,463,158,14,14,http://162.55.220.72:5005/object_info_2?name=Luba&age=35&salary=1000,68,0,33
1653996632668,68,6,200,OK,HW_1 1-15,text,true,,524,158,14,14,http://162.55.220.72:5005/object_info_3?name=Luba&age=35&salary=1000,68,0,32
1653996632663,79,7,200,OK,HW_1 1-13,text,true,,236,158,14,14,http://162.55.220.72:5005/object_info_4?name=Luba&age=35&salary=1000,79,0,37
1653996632668,75,4,200,OK,HW_1 1-19,text,true,,243,156,14,14,http://162.55.220.72:5005/object_info_1?name=Luba&age=35&weight=48,75,0,32
1653996632670,73,2,200,OK,HW_1 1-23,text,true,,463,240,13,13,http://162.55.220.72:5005/user_info_2,73,0,34
1653996632680,67,1,200,OK,HW_1 1-25,text,true,,168,143,13,13,http://162.55.220.72:5005/get_method?name=Luba&age=35,67,0,32
1653996632682,70,3,200,OK,HW_1 1-21,text,true,,369,240,13,13,http://162.55.220.72:5005/user_info_3,70,0,33
1653996632688,68,5,200,OK,HW_1 1-18,text,true,,463,158,13,13,http://162.55.220.72:5005/object_info_2?name=Luba&age=35&salary=1000,68,0,32
1653996632692,69,4,200,OK,HW_1 1-20,text,true,,243,156,14,14,http://162.55.220.72:5005/object_info_1?name=Luba&age=35&weight=48,69,0,33
1653996632698,90,3,200,OK,HW_1 1-22,text,true,,369,240,14,14,http://162.55.220.72:5005/user_info_3,90,0,33
1653996632710,78,7,200,OK,HW_1 1-14,text,true,,236,158,14,14,http://162.55.220.72:5005/object_info_4?name=Luba&age=35&salary=1000,78,0,33
1653996632713,75,6,200,OK,HW_1 1-16,text,true,,524,158,14,14,http://162.55.220.72:5005/object_info_3?name=Luba&age=35&salary=1000,75,0,33
1653996632719,70,1,200,OK,HW_1 1-26,text,true,,168,143,14,14,http://162.55.220.72:5005/get_method?name=Luba&age=35,69,0,33
1653996632713,76,2,200,OK,HW_1 1-24,text,true,,463,240,14,14,http://162.55.220.72:5005/user_info_2,75,0,33
1653996632725,70,6,200,OK,HW_1 1-17,text,true,,524,158,13,13,http://162.55.220.72:5005/object_info_3?name=Luba&age=35&salary=1000,70,0,33
1653996632736,73,7,200,OK,HW_1 1-15,text,true,,236,158,14,14,http://162.55.220.72:5005/object_info_4?name=Luba&age=35&salary=1000,73,0,36
1653996632743,111,5,200,OK,HW_1 1-19,text,true,,463,158,14,14,http://162.55.220.72:5005/object_info_2?name=Luba&age=35&salary=1000,111,0,45
1653996632747,115,2,200,OK,HW_1 1-25,text,true,,463,240,14,14,http://162.55.220.72:5005/user_info_2,115,0,41
1653996632743,123,3,200,OK,HW_1 1-23,text,true,,369,240,14,14,http://162.55.220.72:5005/user_info_3,123,0,45
1653996632758,112,1,200,OK,HW_1 1-27,text,true,,168,143,14,14,http://162.55.220.72:5005/get_method?name=Luba&age=35,112,0,34
1653996632753,117,4,200,OK,HW_1 1-21,text,true,,243,156,14,14,http://162.55.220.72:5005/object_info_1?name=Luba&age=35&weight=48,117,0,35
1653996632756,114,6,200,OK,HW_1 1-18,text,true,,524,158,14,14,http://162.55.220.72:5005/object_info_3?name=Luba&age=35&salary=1000,114,0,36
1653996632761,109,5,200,OK,HW_1 1-20,text,true,,463,158,14,14,http://162.55.220.72:5005/object_info_2?name=Luba&age=35&salary=1000,109,0,34
1653996632789,97,2,200,OK,HW_1 1-26,text,true,,463,240,15,15,http://162.55.220.72:5005/user_info_2,97,0,61
1653996632789,98,7,200,OK,HW_1 1-16,text,true,,236,158,15,15,http://162.55.220.72:5005/object_info_4?name=Luba&age=35&salary=1000,98,0,61
1653996632789,100,4,200,OK,HW_1 1-22,text,true,,243,156,14,14,http://162.55.220.72:5005/object_info_1?name=Luba&age=35&weight=48,100,0,63
1653996632798,92,1,200,OK,HW_1 1-28,text,true,,168,143,14,14,http://162.55.220.72:5005/get_method?name=Luba&age=35,92,0,54
1653996632796,96,7,200,OK,HW_1 1-17,text,true,,236,158,14,14,http://162.55.220.72:5005/object_info_4?name=Luba&age=35&salary=1000,96,0,56
1653996632789,107,3,200,OK,HW_1 1-24,text,true,,369,240,13,13,http://162.55.220.72:5005/user_info_3,106,0,63
1653996632839,71,1,200,OK,HW_1 1-29,text,true,,168,143,13,13,http://162.55.220.72:5005/get_method?name=Luba&age=35,71,0,35
1653996632855,70,6,200,OK,HW_1 1-19,text,true,,524,158,14,14,http://162.55.220.72:5005/object_info_3?name=Luba&age=35&salary=1000,70,0,35
1653996632862,80,3,200,OK,HW_1 1-25,text,true,,369,240,14,14,http://162.55.220.72:5005/user_info_3,80,0,43
1653996632866,80,4,200,OK,HW_1 1-23,text,true,,243,156,14,14,http://162.55.220.72:5005/object_info_1?name=Luba&age=35&weight=48,80,0,39
1653996632870,77,5,200,OK,HW_1 1-21,text,true,,463,158,14,14,http://162.55.220.72:5005/object_info_2?name=Luba&age=35&salary=1000,77,0,36
1653996632870,78,2,200,OK,HW_1 1-27,text,true,,463,240,14,14,http://162.55.220.72:5005/user_info_2,78,0,36
1653996632870,80,6,200,OK,HW_1 1-20,text,true,,524,158,14,14,http://162.55.220.72:5005/object_info_3?name=Luba&age=35&salary=1000,80,0,36
1653996632870,81,7,200,OK,HW_1 1-18,text,true,,236,158,14,14,http://162.55.220.72:5005/object_info_4?name=Luba&age=35&salary=1000,81,0,36
1653996632878,74,1,200,OK,HW_1 1-30,text,true,,168,143,13,13,http://162.55.220.72:5005/get_method?name=Luba&age=35,74,0,33
1653996632886,68,3,200,OK,HW_1 1-26,text,true,,369,240,13,13,http://162.55.220.72:5005/user_info_3,68,0,33
1653996632889,69,5,200,OK,HW_1 1-22,text,true,,463,158,14,14,http://162.55.220.72:5005/object_info_2?name=Luba&age=35&salary=1000,69,0,33
1653996632891,67,2,200,OK,HW_1 1-28,text,true,,463,240,14,14,http://162.55.220.72:5005/user_info_2,67,0,32
1653996632896,68,4,200,OK,HW_1 1-24,text,true,,243,156,14,14,http://162.55.220.72:5005/object_info_1?name=Luba&age=35&weight=48,68,0,33
1653996632910,70,2,200,OK,HW_1 1-29,text,true,,463,240,14,14,http://162.55.220.72:5005/user_info_2,70,0,33
1653996632918,71,1,200,OK,HW_1 1-31,text,true,,168,143,14,14,http://162.55.220.72:5005/get_method?name=Luba&age=35,71,0,33
1653996632925,70,7,200,OK,HW_1 1-19,text,true,,236,158,14,14,http://162.55.220.72:5005/object_info_4?name=Luba&age=35&salary=1000,70,0,33
1653996632942,84,4,200,OK,HW_1 1-25,text,true,,243,156,14,14,http://162.55.220.72:5005/object_info_1?name=Luba&age=35&weight=48,83,0,34
1653996632947,83,6,200,OK,HW_1 1-21,text,true,,524,158,14,14,http://162.55.220.72:5005/object_info_3?name=Luba&age=35&salary=1000,83,0,34
1653996632946,90,5,200,OK,HW_1 1-23,text,true,,463,158,14,14,http://162.55.220.72:5005/object_info_2?name=Luba&age=35&salary=1000,90,0,32
1653996632948,91,3,200,OK,HW_1 1-27,text,true,,369,240,15,15,http://162.55.220.72:5005/user_info_3,91,0,33
1653996632950,92,7,200,OK,HW_1 1-20,text,true,,236,158,15,15,http://162.55.220.72:5005/object_info_4?name=Luba&age=35&salary=1000,92,0,35
1653996632952,90,2,200,OK,HW_1 1-30,text,true,,463,240,15,15,http://162.55.220.72:5005/user_info_2,90,0,34
1653996632954,95,4,200,OK,HW_1 1-26,text,true,,243,156,14,14,http://162.55.220.72:5005/object_info_1?name=Luba&age=35&weight=48,94,0,34
1653996632958,91,1,200,OK,HW_1 1-32,text,true,,168,143,14,14,http://162.55.220.72:5005/get_method?name=Luba&age=35,91,0,34
1653996632958,94,6,200,OK,HW_1 1-22,text,true,,524,158,14,14,http://162.55.220.72:5005/object_info_3?name=Luba&age=35&salary=1000,94,0,34
1653996632958,94,3,200,OK,HW_1 1-28,text,true,,369,240,14,14,http://162.55.220.72:5005/user_info_3,94,0,34
1653996632964,89,5,200,OK,HW_1 1-24,text,true,,463,158,14,14,http://162.55.220.72:5005/object_info_2?name=Luba&age=35&salary=1000,89,0,33
1653996632980,78,3,200,OK,HW_1 1-29,text,true,,369,240,14,14,http://162.55.220.72:5005/user_info_3,78,0,33
1653996632989,69,2,200,OK,HW_1 1-31,text,true,,463,240,14,14,http://162.55.220.72:5005/user_info_2,69,0,33
1653996632999,67,1,200,OK,HW_1 1-33,text,true,,168,143,14,14,http://162.55.220.72:5005/get_method?name=Luba&age=35,67,0,33
1653996633026,68,5,200,OK,HW_1 1-25,text,true,,463,158,15,15,http://162.55.220.72:5005/object_info_2?name=Luba&age=35&salary=1000,68,0,33
1653996633030,70,7,200,OK,HW_1 1-21,text,true,,236,158,15,15,http://162.55.220.72:5005/object_info_4?name=Luba&age=35&salary=1000,70,0,33
1653996633036,74,6,200,OK,HW_1 1-23,text,true,,524,158,14,14,http://162.55.220.72:5005/object_info_3?name=Luba&age=35&salary=1000,74,0,34
1653996633039,71,1,200,OK,HW_1 1-34,text,true,,168,143,14,14,http://162.55.220.72:5005/get_method?name=Luba&age=35,71,0,33
1653996633043,74,3,200,OK,HW_1 1-30,text,true,,369,240,14,14,http://162.55.220.72:5005/user_info_3,74,0,36
1653996633040,78,4,200,OK,HW_1 1-27,text,true,,243,156,15,15,http://162.55.220.72:5005/object_info_1?name=Luba&age=35&weight=48,78,0,39
1653996633049,69,5,200,OK,HW_1 1-26,text,true,,463,158,15,15,http://162.55.220.72:5005/object_info_2?name=Luba&age=35&salary=1000,69,0,33
1653996633052,71,4,200,OK,HW_1 1-28,text,true,,243,156,15,15,http://162.55.220.72:5005/object_info_1?name=Luba&age=35&weight=48,71,0,35
1653996633049,74,2,200,OK,HW_1 1-32,text,true,,463,240,15,15,http://162.55.220.72:5005/user_info_2,74,0,33
1653996633053,75,6,200,OK,HW_1 1-24,text,true,,524,158,15,15,http://162.55.220.72:5005/object_info_3?name=Luba&age=35&salary=1000,75,0,34
1653996633052,76,7,200,OK,HW_1 1-22,text,true,,236,158,15,15,http://162.55.220.72:5005/object_info_4?name=Luba&age=35&salary=1000,76,0,35
1653996633058,72,3,200,OK,HW_1 1-31,text,true,,369,240,14,14,http://162.55.220.72:5005/user_info_3,72,0,34
1653996633058,72,4,200,OK,HW_1 1-29,text,true,,243,156,14,14,http://162.55.220.72:5005/object_info_1?name=Luba&age=35&weight=48,72,0,34
1653996633066,69,2,200,OK,HW_1 1-33,text,true,,463,240,14,14,http://162.55.220.72:5005/user_info_2,69,0,34
1653996633078,68,1,200,OK,HW_1 1-35,text,true,,168,143,14,14,http://162.55.220.72:5005/get_method?name=Luba&age=35,68,0,33
1653996633095,68,6,200,OK,HW_1 1-25,text,true,,524,158,15,15,http://162.55.220.72:5005/object_info_3?name=Luba&age=35&salary=1000,68,0,33
1653996633110,68,7,200,OK,HW_1 1-23,text,true,,236,158,15,15,http://162.55.220.72:5005/object_info_4?name=Luba&age=35&salary=1000,68,0,33
1653996633110,71,2,200,OK,HW_1 1-34,text,true,,463,240,14,14,http://162.55.220.72:5005/user_info_2,71,0,33
1653996633118,69,1,200,OK,HW_1 1-36,text,true,,168,143,14,14,http://162.55.220.72:5005/get_method?name=Luba&age=35,68,0,33
1653996633118,72,5,200,OK,HW_1 1-27,text,true,,463,158,14,14,http://162.55.220.72:5005/object_info_2?name=Luba&age=35&salary=1000,72,0,33
1653996633117,76,4,200,OK,HW_1 1-30,text,true,,243,156,14,14,http://162.55.220.72:5005/object_info_1?name=Luba&age=35&weight=48,76,0,34
1653996633118,75,6,200,OK,HW_1 1-26,text,true,,524,158,14,14,http://162.55.220.72:5005/object_info_3?name=Luba&age=35&salary=1000,75,0,33
1653996633123,73,5,200,OK,HW_1 1-28,text,true,,463,158,14,14,http://162.55.220.72:5005/object_info_2?name=Luba&age=35&salary=1000,73,0,33
1653996633123,75,3,200,OK,HW_1 1-32,text,true,,369,240,15,15,http://162.55.220.72:5005/user_info_3,75,0,33
1653996633128,74,7,200,OK,HW_1 1-24,text,true,,236,158,15,15,http://162.55.220.72:5005/object_info_4?name=Luba&age=35&salary=1000,74,0,33
1653996633130,73,5,200,OK,HW_1 1-29,text,true,,463,158,14,14,http://162.55.220.72:5005/object_info_2?name=Luba&age=35&salary=1000,73,0,33
1653996633130,77,4,200,OK,HW_1 1-31,text,true,,243,156,14,14,http://162.55.220.72:5005/object_info_1?name=Luba&age=35&weight=48,77,0,33
1653996633146,80,2,200,OK,HW_1 1-35,text,true,,463,240,14,14,http://162.55.220.72:5005/user_info_2,80,0,35
1653996633135,91,3,200,OK,HW_1 1-33,text,true,,369,240,14,14,http://162.55.220.72:5005/user_info_3,91,0,34
1653996633164,77,7,200,OK,HW_1 1-25,text,true,,236,158,15,15,http://162.55.220.72:5005/object_info_4?name=Luba&age=35&salary=1000,77,0,34
1653996633157,85,1,200,OK,HW_1 1-37,text,true,,168,143,14,14,http://162.55.220.72:5005/get_method?name=Luba&age=35,85,0,41
1653996633181,76,3,200,OK,HW_1 1-34,text,true,,369,240,14,14,http://162.55.220.72:5005/user_info_3,76,0,39
1653996633190,77,6,200,OK,HW_1 1-27,text,true,,524,158,14,14,http://162.55.220.72:5005/object_info_3?name=Luba&age=35&salary=1000,77,0,36
1653996633187,80,2,200,OK,HW_1 1-36,text,true,,463,240,14,14,http://162.55.220.72:5005/user_info_2,80,0,33
1653996633193,79,7,200,OK,HW_1 1-26,text,true,,236,158,14,14,http://162.55.220.72:5005/object_info_4?name=Luba&age=35&salary=1000,79,0,34
1653996633193,79,5,200,OK,HW_1 1-30,text,true,,463,158,14,14,http://162.55.220.72:5005/object_info_2?name=Luba&age=35&salary=1000,79,0,34
1653996633196,79,6,200,OK,HW_1 1-28,text,true,,524,158,13,13,http://162.55.220.72:5005/object_info_3?name=Luba&age=35&salary=1000,79,0,41
1653996633198,80,1,200,OK,HW_1 1-38,text,true,,168,143,13,13,http://162.55.220.72:5005/get_method?name=Luba&age=35,80,0,39
1653996633198,83,4,200,OK,HW_1 1-32,text,true,,243,156,14,14,http://162.55.220.72:5005/object_info_1?name=Luba&age=35&weight=48,83,0,39
1653996633204,77,6,200,OK,HW_1 1-29,text,true,,524,158,14,14,http://162.55.220.72:5005/object_info_3?name=Luba&age=35&salary=1000,77,0,33
1653996633207,77,5,200,OK,HW_1 1-31,text,true,,463,158,14,14,http://162.55.220.72:5005/object_info_2?name=Luba&age=35&salary=1000,77,0,35
1653996633226,71,4,200,OK,HW_1 1-33,text,true,,243,156,14,14,http://162.55.220.72:5005/object_info_1?name=Luba&age=35&weight=48,71,0,35
1653996633226,72,3,200,OK,HW_1 1-35,text,true,,369,240,14,14,http://162.55.220.72:5005/user_info_3,72,0,35
1653996633238,119,1,200,OK,HW_1 1-39,text,true,,168,143,15,15,http://162.55.220.72:5005/get_method?name=Luba&age=35,119,0,33
1653996633257,100,4,200,OK,HW_1 1-34,text,true,,243,156,15,15,http://162.55.220.72:5005/object_info_1?name=Luba&age=35&weight=48,100,0,36
1653996633242,115,2,200,OK,HW_1 1-37,text,true,,463,240,15,15,http://162.55.220.72:5005/user_info_2,115,0,41
1653996633267,90,3,200,OK,HW_1 1-36,text,true,,369,240,15,15,http://162.55.220.72:5005/user_info_3,90,0,34
1653996633267,90,7,200,OK,HW_1 1-27,text,true,,236,158,15,15,http://162.55.220.72:5005/object_info_4?name=Luba&age=35&salary=1000,90,0,34
1653996633272,129,6,200,OK,HW_1 1-30,text,true,,524,158,16,16,http://162.55.220.72:5005/object_info_3?name=Luba&age=35&salary=1000,129,0,84
1653996633281,120,5,200,OK,HW_1 1-32,text,true,,463,158,16,16,http://162.55.220.72:5005/object_info_2?name=Luba&age=35&salary=1000,120,0,75
1653996633281,125,7,200,OK,HW_1 1-29,text,true,,236,158,16,16,http://162.55.220.72:5005/object_info_4?name=Luba&age=35&salary=1000,125,0,75
1653996633278,130,2,200,OK,HW_1 1-38,text,true,,463,240,15,15,http://162.55.220.72:5005/user_info_2,130,0,78
1653996633275,135,7,200,OK,HW_1 1-28,text,true,,236,158,15,15,http://162.55.220.72:5005/object_info_4?name=Luba&age=35&salary=1000,135,0,81
1653996633284,129,6,200,OK,HW_1 1-31,text,true,,524,158,14,14,http://162.55.220.72:5005/object_info_3?name=Luba&age=35&salary=1000,129,0,73
1653996633279,136,1,200,OK,HW_1 1-40,text,true,,168,143,14,14,http://162.55.220.72:5005/get_method?name=Luba&age=35,136,0,77
1653996633298,119,4,200,OK,HW_1 1-35,text,true,,243,156,14,14,http://162.55.220.72:5005/object_info_1?name=Luba&age=35&weight=48,119,0,59
1653996633297,121,5,200,OK,HW_1 1-33,text,true,,463,158,14,14,http://162.55.220.72:5005/object_info_2?name=Luba&age=35&salary=1000,121,0,60
1653996633319,112,1,200,OK,HW_1 1-41,text,true,,168,143,14,14,http://162.55.220.72:5005/get_method?name=Luba&age=35,112,0,69
1653996633357,75,2,200,OK,HW_1 1-39,text,true,,463,240,14,14,http://162.55.220.72:5005/user_info_2,75,0,34
1653996633357,77,4,200,OK,HW_1 1-36,text,true,,243,156,14,14,http://162.55.220.72:5005/object_info_1?name=Luba&age=35&weight=48,77,0,34
1653996633357,77,3,200,OK,HW_1 1-37,text,true,,369,240,14,14,http://162.55.220.72:5005/user_info_3,77,0,34
1653996633357,81,5,200,OK,HW_1 1-34,text,true,,463,158,15,15,http://162.55.220.72:5005/object_info_2?name=Luba&age=35&salary=1000,81,0,34
1653996633358,80,1,200,OK,HW_1 1-42,text,true,,168,143,15,15,http://162.55.220.72:5005/get_method?name=Luba&age=35,80,0,33
1653996633398,77,1,200,OK,HW_1 1-43,text,true,,168,143,15,15,http://162.55.220.72:5005/get_method?name=Luba&age=35,77,0,37
1653996633401,74,7,200,OK,HW_1 1-30,text,true,,236,158,15,15,http://162.55.220.72:5005/object_info_4?name=Luba&age=35&salary=1000,74,0,34
1653996633409,71,3,200,OK,HW_1 1-38,text,true,,369,240,15,15,http://162.55.220.72:5005/user_info_3,71,0,33
1653996633401,79,6,200,OK,HW_1 1-32,text,true,,524,158,15,15,http://162.55.220.72:5005/object_info_3?name=Luba&age=35&salary=1000,79,0,34
1653996633414,72,7,200,OK,HW_1 1-31,text,true,,236,158,15,15,http://162.55.220.72:5005/object_info_4?name=Luba&age=35&salary=1000,72,0,32
1653996633417,72,5,200,OK,HW_1 1-35,text,true,,463,158,14,14,http://162.55.220.72:5005/object_info_2?name=Luba&age=35&salary=1000,72,0,33
1653996633415,75,2,200,OK,HW_1 1-40,text,true,,463,240,14,14,http://162.55.220.72:5005/user_info_2,75,0,35
1653996633418,72,6,200,OK,HW_1 1-33,text,true,,524,158,14,14,http://162.55.220.72:5005/object_info_3?name=Luba&age=35&salary=1000,72,0,34
1653996633431,72,2,200,OK,HW_1 1-41,text,true,,463,240,14,14,http://162.55.220.72:5005/user_info_2,71,0,34
1653996633432,82,3,200,OK,HW_1 1-39,text,true,,369,240,14,14,http://162.55.220.72:5005/user_info_3,82,0,33
1653996633438,83,1,200,OK,HW_1 1-44,text,true,,168,143,15,15,http://162.55.220.72:5005/get_method?name=Luba&age=35,83,0,33
1653996633434,87,5,200,OK,HW_1 1-36,text,true,,463,158,15,15,http://162.55.220.72:5005/object_info_2?name=Luba&age=35&salary=1000,87,0,34
1653996633434,87,4,200,OK,HW_1 1-37,text,true,,243,156,15,15,http://162.55.220.72:5005/object_info_1?name=Luba&age=35&weight=48,87,0,34
1653996633438,87,6,200,OK,HW_1 1-34,text,true,,524,158,15,15,http://162.55.220.72:5005/object_info_3?name=Luba&age=35&salary=1000,87,0,37
1653996633438,89,2,200,OK,HW_1 1-42,text,true,,463,240,15,15,http://162.55.220.72:5005/user_info_2,89,0,37
1653996633475,70,2,200,OK,HW_1 1-43,text,true,,463,240,15,15,http://162.55.220.72:5005/user_info_2,70,0,33
1653996633477,81,1,200,OK,HW_1 1-45,text,true,,168,143,15,15,http://162.55.220.72:5005/get_method?name=Luba&age=35,81,0,44
1653996633480,82,7,200,OK,HW_1 1-32,text,true,,236,158,16,16,http://162.55.220.72:5005/object_info_4?name=Luba&age=35&salary=1000,82,0,41
1653996633480,86,4,200,OK,HW_1 1-38,text,true,,243,156,15,15,http://162.55.220.72:5005/object_info_1?name=Luba&age=35&weight=48,86,0,41
1653996633489,77,6,200,OK,HW_1 1-35,text,true,,524,158,15,15,http://162.55.220.72:5005/object_info_3?name=Luba&age=35&salary=1000,77,0,36
1653996633490,78,7,200,OK,HW_1 1-33,text,true,,236,158,15,15,http://162.55.220.72:5005/object_info_4?name=Luba&age=35&salary=1000,78,0,35
1653996633490,78,3,200,OK,HW_1 1-40,text,true,,369,240,15,15,http://162.55.220.72:5005/user_info_3,78,0,35
1653996633503,67,3,200,OK,HW_1 1-41,text,true,,369,240,14,14,http://162.55.220.72:5005/user_info_3,67,0,32
1653996633514,87,4,200,OK,HW_1 1-39,text,true,,243,156,15,15,http://162.55.220.72:5005/object_info_1?name=Luba&age=35&weight=48,87,0,33
1653996633518,84,1,200,OK,HW_1 1-46,text,true,,168,143,15,15,http://162.55.220.72:5005/get_method?name=Luba&age=35,84,0,37
1653996633521,83,5,200,OK,HW_1 1-37,text,true,,463,158,15,15,http://162.55.220.72:5005/object_info_2?name=Luba&age=35&salary=1000,83,0,34
1653996633521,91,2,200,OK,HW_1 1-44,text,true,,463,240,15,15,http://162.55.220.72:5005/user_info_2,91,0,34
1653996633521,92,6,200,OK,HW_1 1-36,text,true,,524,158,15,15,http://162.55.220.72:5005/object_info_3?name=Luba&age=35&salary=1000,92,0,34
1653996633525,90,7,200,OK,HW_1 1-34,text,true,,236,158,15,15,http://162.55.220.72:5005/object_info_4?name=Luba&age=35&salary=1000,89,0,33
1653996633527,88,3,200,OK,HW_1 1-42,text,true,,369,240,14,14,http://162.55.220.72:5005/user_info_3,88,0,35
1653996633545,74,3,200,OK,HW_1 1-43,text,true,,369,240,14,14,http://162.55.220.72:5005/user_info_3,74,0,34
1653996633558,78,2,200,OK,HW_1 1-45,text,true,,463,240,14,14,http://162.55.220.72:5005/user_info_2,78,0,40
1653996633558,78,1,200,OK,HW_1 1-47,text,true,,168,143,14,14,http://162.55.220.72:5005/get_method?name=Luba&age=35,78,0,41
1653996633567,75,7,200,OK,HW_1 1-35,text,true,,236,158,15,15,http://162.55.220.72:5005/object_info_4?name=Luba&age=35&salary=1000,75,0,36
1653996633568,74,4,200,OK,HW_1 1-40,text,true,,243,156,14,14,http://162.55.220.72:5005/object_info_1?name=Luba&age=35&weight=48,74,0,35
1653996633566,76,5,200,OK,HW_1 1-38,text,true,,463,158,14,14,http://162.55.220.72:5005/object_info_2?name=Luba&age=35&salary=1000,76,0,37
1653996633570,72,4,200,OK,HW_1 1-41,text,true,,243,156,14,14,http://162.55.220.72:5005/object_info_1?name=Luba&age=35&weight=48,72,0,34
1653996633601,74,5,200,OK,HW_1 1-39,text,true,,463,158,14,14,http://162.55.220.72:5005/object_info_2?name=Luba&age=35&salary=1000,74,0,33
1653996633599,82,1,200,OK,HW_1 1-48,text,true,,168,143,15,15,http://162.55.220.72:5005/get_method?name=Luba&age=35,82,0,34
1653996633602,79,2,200,OK,HW_1 1-46,text,true,,463,240,15,15,http://162.55.220.72:5005/user_info_2,79,0,33
1653996633604,78,6,200,OK,HW_1 1-37,text,true,,524,158,15,15,http://162.55.220.72:5005/object_info_3?name=Luba&age=35&salary=1000,78,0,33
1653996633613,78,7,200,OK,HW_1 1-36,text,true,,236,158,15,15,http://162.55.220.72:5005/object_info_4?name=Luba&age=35&salary=1000,78,0,33
1653996633612,79,3,200,OK,HW_1 1-44,text,true,,369,240,15,15,http://162.55.220.72:5005/user_info_3,79,0,34
1653996633615,79,4,200,OK,HW_1 1-42,text,true,,243,156,14,14,http://162.55.220.72:5005/object_info_1?name=Luba&age=35&weight=48,79,0,33
1653996633619,75,4,200,OK,HW_1 1-43,text,true,,243,156,14,14,http://162.55.220.72:5005/object_info_1?name=Luba&age=35&weight=48,75,0,33
1653996633636,70,2,200,OK,HW_1 1-47,text,true,,463,240,14,14,http://162.55.220.72:5005/user_info_2,70,0,33
1653996633636,77,3,200,OK,HW_1 1-45,text,true,,369,240,14,14,http://162.55.220.72:5005/user_info_3,77,0,33
1653996633638,77,1,200,OK,HW_1 1-49,text,true,,168,143,14,14,http://162.55.220.72:5005/get_method?name=Luba&age=35,77,0,33
1653996633642,74,6,200,OK,HW_1 1-38,text,true,,524,158,14,14,http://162.55.220.72:5005/object_info_3?name=Luba&age=35&salary=1000,74,0,34
1653996633643,80,5,200,OK,HW_1 1-41,text,true,,463,158,14,14,http://162.55.220.72:5005/object_info_2?name=Luba&age=35&salary=1000,80,0,33
1653996633642,85,5,200,OK,HW_1 1-40,text,true,,463,158,14,14,http://162.55.220.72:5005/object_info_2?name=Luba&age=35&salary=1000,85,0,34
1653996633675,69,6,200,OK,HW_1 1-39,text,true,,524,158,14,14,http://162.55.220.72:5005/object_info_3?name=Luba&age=35&salary=1000,69,0,33
1653996633678,73,1,200,OK,HW_1 1-50,text,true,,168,143,14,14,http://162.55.220.72:5005/get_method?name=Luba&age=35,73,0,35
1653996633681,95,2,200,OK,HW_1 1-48,text,true,,463,240,14,14,http://162.55.220.72:5005/user_info_2,94,0,46
1653996633682,96,3,200,OK,HW_1 1-46,text,true,,369,240,14,14,http://162.55.220.72:5005/user_info_3,96,0,45
1653996633691,96,4,200,OK,HW_1 1-44,text,true,,243,156,14,14,http://162.55.220.72:5005/object_info_1?name=Luba&age=35&weight=48,96,0,36
1653996633694,99,5,200,OK,HW_1 1-42,text,true,,463,158,14,14,http://162.55.220.72:5005/object_info_2?name=Luba&age=35&salary=1000,99,0,33
1653996633682,111,7,200,OK,HW_1 1-37,text,true,,236,158,14,14,http://162.55.220.72:5005/object_info_4?name=Luba&age=35&salary=1000,111,0,45
1653996633694,103,5,200,OK,HW_1 1-43,text,true,,463,158,13,13,http://162.55.220.72:5005/object_info_2?name=Luba&age=35&salary=1000,103,0,33
1653996633706,94,3,200,OK,HW_1 1-47,text,true,,369,240,13,13,http://162.55.220.72:5005/user_info_3,94,0,34
1653996633714,87,4,200,OK,HW_1 1-45,text,true,,243,156,13,13,http://162.55.220.72:5005/object_info_1?name=Luba&age=35&weight=48,87,0,33
1653996633715,88,2,200,OK,HW_1 1-49,text,true,,463,240,13,13,http://162.55.220.72:5005/user_info_2,88,0,33
1653996633716,87,7,200,OK,HW_1 1-38,text,true,,236,158,13,13,http://162.55.220.72:5005/object_info_4?name=Luba&age=35&salary=1000,87,0,35
1653996633723,83,6,200,OK,HW_1 1-41,text,true,,524,158,12,12,http://162.55.220.72:5005/object_info_3?name=Luba&age=35&salary=1000,83,0,49
1653996633727,83,6,200,OK,HW_1 1-40,text,true,,524,158,12,12,http://162.55.220.72:5005/object_info_3?name=Luba&age=35&salary=1000,83,0,48
1653996633744,69,7,200,OK,HW_1 1-39,text,true,,236,158,12,12,http://162.55.220.72:5005/object_info_4?name=Luba&age=35&salary=1000,69,0,33
1653996633752,80,2,200,OK,HW_1 1-50,text,true,,463,240,11,11,http://162.55.220.72:5005/user_info_2,80,0,41
1653996633776,69,3,200,OK,HW_1 1-48,text,true,,369,240,11,11,http://162.55.220.72:5005/user_info_3,69,0,33
1653996633779,72,4,200,OK,HW_1 1-46,text,true,,243,156,11,11,http://162.55.220.72:5005/object_info_1?name=Luba&age=35&weight=48,72,0,36
1653996633787,74,5,200,OK,HW_1 1-44,text,true,,463,158,11,11,http://162.55.220.72:5005/object_info_2?name=Luba&age=35&salary=1000,74,0,36
1653996633793,72,6,200,OK,HW_1 1-42,text,true,,524,158,11,11,http://162.55.220.72:5005/object_info_3?name=Luba&age=35&salary=1000,72,0,35
1653996633797,71,6,200,OK,HW_1 1-43,text,true,,524,158,11,11,http://162.55.220.72:5005/object_info_3?name=Luba&age=35&salary=1000,71,0,35
1653996633800,70,4,200,OK,HW_1 1-47,text,true,,243,156,11,11,http://162.55.220.72:5005/object_info_1?name=Luba&age=35&weight=48,70,0,35
1653996633801,71,5,200,OK,HW_1 1-45,text,true,,463,158,11,11,http://162.55.220.72:5005/object_info_2?name=Luba&age=35&salary=1000,71,0,34
1653996633803,71,3,200,OK,HW_1 1-49,text,true,,369,240,11,11,http://162.55.220.72:5005/user_info_3,71,0,35
1653996633806,71,7,200,OK,HW_1 1-41,text,true,,236,158,11,11,http://162.55.220.72:5005/object_info_4?name=Luba&age=35&salary=1000,71,0,35
1653996633811,73,7,200,OK,HW_1 1-40,text,true,,236,158,10,10,http://162.55.220.72:5005/object_info_4?name=Luba&age=35&salary=1000,73,0,34
1653996633832,69,3,200,OK,HW_1 1-50,text,true,,369,240,9,9,http://162.55.220.72:5005/user_info_3,69,0,33
1653996633846,87,4,200,OK,HW_1 1-48,text,true,,243,156,9,9,http://162.55.220.72:5005/object_info_1?name=Luba&age=35&weight=48,87,0,35
1653996633861,74,6,200,OK,HW_1 1-44,text,true,,524,158,9,9,http://162.55.220.72:5005/object_info_3?name=Luba&age=35&salary=1000,74,0,34
1653996633851,84,5,200,OK,HW_1 1-46,text,true,,463,158,9,9,http://162.55.220.72:5005/object_info_2?name=Luba&age=35&salary=1000,84,0,34
1653996633865,73,7,200,OK,HW_1 1-42,text,true,,236,158,9,9,http://162.55.220.72:5005/object_info_4?name=Luba&age=35&salary=1000,73,0,33
1653996633868,75,7,200,OK,HW_1 1-43,text,true,,236,158,8,8,http://162.55.220.72:5005/object_info_4?name=Luba&age=35&salary=1000,74,0,33
1653996633870,73,5,200,OK,HW_1 1-47,text,true,,463,158,7,7,http://162.55.220.72:5005/object_info_2?name=Luba&age=35&salary=1000,73,0,33
1653996633872,79,6,200,OK,HW_1 1-45,text,true,,524,158,7,7,http://162.55.220.72:5005/object_info_3?name=Luba&age=35&salary=1000,79,0,41
1653996633874,88,4,200,OK,HW_1 1-49,text,true,,243,156,7,7,http://162.55.220.72:5005/object_info_1?name=Luba&age=35&weight=48,88,0,39
1653996633902,69,4,200,OK,HW_1 1-50,text,true,,243,156,7,7,http://162.55.220.72:5005/object_info_1?name=Luba&age=35&weight=48,69,0,33
1653996633933,72,5,200,OK,HW_1 1-48,text,true,,463,158,7,7,http://162.55.220.72:5005/object_info_2?name=Luba&age=35&salary=1000,72,0,34
1653996633935,78,6,200,OK,HW_1 1-46,text,true,,524,158,7,7,http://162.55.220.72:5005/object_info_3?name=Luba&age=35&salary=1000,78,0,35
1653996633935,78,7,200,OK,HW_1 1-44,text,true,,236,158,7,7,http://162.55.220.72:5005/object_info_4?name=Luba&age=35&salary=1000,78,0,35
1653996633943,79,6,200,OK,HW_1 1-47,text,true,,524,158,6,6,http://162.55.220.72:5005/object_info_3?name=Luba&age=35&salary=1000,79,0,40
1653996633952,70,7,200,OK,HW_1 1-45,text,true,,236,158,6,6,http://162.55.220.72:5005/object_info_4?name=Luba&age=35&salary=1000,70,0,33
1653996633962,70,5,200,OK,HW_1 1-49,text,true,,463,158,5,5,http://162.55.220.72:5005/object_info_2?name=Luba&age=35&salary=1000,70,0,33
1653996633972,88,5,200,OK,HW_1 1-50,text,true,,463,158,5,5,http://162.55.220.72:5005/object_info_2?name=Luba&age=35&salary=1000,88,0,33
1653996634005,92,6,200,OK,HW_1 1-48,text,true,,524,158,5,5,http://162.55.220.72:5005/object_info_3?name=Luba&age=35&salary=1000,92,0,55
1653996634013,90,7,200,OK,HW_1 1-46,text,true,,236,158,5,5,http://162.55.220.72:5005/object_info_4?name=Luba&age=35&salary=1000,90,0,47
1653996634022,82,7,200,OK,HW_1 1-47,text,true,,236,158,4,4,http://162.55.220.72:5005/object_info_4?name=Luba&age=35&salary=1000,82,0,38
1653996634033,74,6,200,OK,HW_1 1-49,text,true,,524,158,3,3,http://162.55.220.72:5005/object_info_3?name=Luba&age=35&salary=1000,74,0,33
1653996634061,73,6,200,OK,HW_1 1-50,text,true,,524,158,3,3,http://162.55.220.72:5005/object_info_3?name=Luba&age=35&salary=1000,73,0,36
1653996634097,73,7,200,OK,HW_1 1-48,text,true,,236,158,3,3,http://162.55.220.72:5005/object_info_4?name=Luba&age=35&salary=1000,73,0,33
1653996634107,79,7,200,OK,HW_1 1-49,text,true,,236,158,2,2,http://162.55.220.72:5005/object_info_4?name=Luba&age=35&salary=1000,79,0,41
1653996634134,72,7,200,OK,HW_1 1-50,text,true,,236,158,1,1,http://162.55.220.72:5005/object_info_4?name=Luba&age=35&salary=1000,72,0,36
